OBJECTID,GNIS,NAME,NAMELSAD,GSOURCE,LADOPT,AREASQMI,LASTUPDATE,JURISTYPE,STCOFIPS,GEOID,NAMELSAD2,PARENT_JUR,CODE_DISTR,DISTRICT,CLASS_FP,VDOT_CODE,JURIS_CODE,RNS_FIPS_CD,AMS_FIPS_CD,Shape__Area,Shape__Length
1,1674630,Montgomery,Montgomery County,L,Y,614.3171997,2021/09/23 00:00:00+00,CO,51121,51121,Montgomery County,60,2,Salem,H1,60,60,60,121,1591074243,238285.9107
2,1497573,Russell,Russell County,V,N,747.130895,2014/09/24 00:00:00+00,CO,51167,51167,Russell County,83,1,Bristol,H1,83,83,83,167,1935060135,250387.9579
3,1502770,Henry,Henry County,T,N,598.8332727,2021/09/23 00:00:00+00,CO,51089,51089,Henry County,44,2,Salem,H1,44,44,44,89,1550971056,227443.6484
4,1480136,King and Queen,King and Queen County,T,N,522.4880443,2017/06/23 00:00:00+00,CO,51097,51097,King and Queen County,49,6,Fredericksburg,H1,49,49,49,97,1353237822,298730.0973
5,1494354,Floyd,Floyd County,V,N,598.5547771,2021/09/23 00:00:00+00,CO,51063,51063,Floyd County,31,2,Salem,H1,31,31,31,63,1550249756,234994.4674
6,1480147,Middlesex,Middlesex County,T,N,336.5408572,,CO,51119,51119,Middlesex County,59,6,Fredericksburg,H1,59,59,59,119,871636818.7,197916.3838
7,1673976,Rappahannock,Rappahannock County,V,N,439.2466568,2014/12/03 00:00:00+00,CO,51157,51157,Rappahannock County,78,7,Culpeper,H1,78,78,78,157,1137643619,172016.185
8,1480095,Amherst,Amherst County,V,N,764.3859203,2020/09/11 00:00:00+00,CO,51009,51009,Amherst County,5,3,Lynchburg,H1,5,5,5,9,1979750445,237129.0245
9,1789069,Covington,Covington City,T,N,9.09168215,2014/06/16 11:06:34+00,CI,51580,51580,Covington (city),107,8,Staunton,C7,107,107,107,580,23547348.66,28083.99619
10,1480118,Essex,Essex County,V,Y,460.937464,2019/09/11 00:00:00+00,CO,51057,51057,Essex County,28,6,Fredericksburg,H1,28,28,28,57,1193822551,227428.7588
11,1497431,Buchanan,Buchanan County,V,N,797.2029062,2014/09/24 00:00:00+00,CO,51027,51027,Buchanan County,13,1,Bristol,H1,13,13,13,27,2064746048,280343.7256
12,1492459,Alleghany,Alleghany County,V,N,721.2960425,2014/09/15 00:00:00+00,CO,51005,51005,Alleghany County,3,8,Staunton,H1,3,,,,1868148174,261231.1924
13,1480152,Northumberland,Northumberland County,V,Y,461.058256,2014/09/02 00:00:00+00,CO,51133,51133,Northumberland County,66,6,Fredericksburg,H1,66,66,66,133,1194135401,178452.6581
14,1673664,Craig,Craig County,V,N,523.6588071,2014/09/15 00:00:00+00,CO,51045,51045,Craig County,22,2,Salem,H1,22,22,22,45,1356270084,188611.4958
15,1501502,Buckingham,Buckingham County,V,N,930.3797616,2021/03/29 00:00:00+00,CO,51029,51029,Buckingham County,14,3,Lynchburg,H1,14,14,14,29,2409672520,245684.838
16,1480126,Gloucester,Gloucester County,T,N,457.1425927,2017/06/23 00:00:00+00,CO,51073,51073,Gloucester County,36,6,Fredericksburg,H1,36,36,36,73,1183993880,180590.4684
17,1674225,Powhatan,Powhatan County,V,N,417.9878528,2021/03/29 00:00:00+00,CO,51145,51145,Powhatan County,72,4,Richmond,H1,72,72,72,145,1082583569,184746.9683
18,1480129,Greene,Greene County,L,Y,254.6330901,2015/11/30 00:00:00+00,CO,51079,51079,Greene County,39,7,Culpeper,H1,39,39,39,79,659496675.7,145347.8243
19,1497999,Patrick,Patrick County,T,N,756.8502767,2021/09/23 00:00:00+00,CO,51141,51141,Patrick County,70,2,Salem,H1,70,70,70,141,1960233218,233180.6466
20,1480138,King William,King William County,V,Y,457.0692092,2020/09/29 00:00:00+00,CO,51101,51101,King William County,50,6,Fredericksburg,H1,50,50,50,101,1183803817,321924.0735
21,1492239,Lunenburg,Lunenburg County,T,N,678.4513749,2019/12/18 00:00:00+00,CO,51111,51111,Lunenburg County,55,4,Richmond,H1,55,55,55,111,1757180994,211558.6458
22,1492442,Charlotte,Charlotte County,T,N,749.1710124,2017/06/23 00:00:00+00,CO,51037,51037,Charlotte County,19,3,Lynchburg,H1,19,19,19,37,1940344014,247762.628
23,1480133,Henrico,Henrico County,V,N,388.2063464,2021/03/29 00:00:00+00,CO,51087,51087,Henrico County,43,4,Richmond,H1,43,43,43,87,1005449821,265668.6795
24,1501196,Grayson,Grayson County,V,N,693.3217294,2020/12/23 00:00:00+00,CO,51077,51077,Grayson County,38,1,Bristol,H1,38,38,38,77,1795695036,239723.7857
25,1480157,Pittsylvania,Pittsylvania County,L,Y,1530.07823,2021/09/23 00:00:00+00,CO,51143,51143,Pittsylvania County,71,3,Lynchburg,H1,71,71,71,143,3962884424,372459.6409
26,1480108,Carroll,Carroll County,V,N,744.9531013,2021/09/23 00:00:00+00,CO,51035,51035,Carroll County,17,2,Salem,H1,17,17,17,35,1929419675,219709.1068
27,1494109,Cumberland,Cumberland County,V,N,477.1917016,2021/08/26 00:00:00+00,CO,51049,51049,Cumberland County,24,3,Lynchburg,H1,24,24,24,49,1235920833,187983.4262
28,1480098,Augusta,Augusta County,V,N,1572.861488,2014/08/01 00:00:00+00,CO,51015,51015,Augusta County,7,8,Staunton,H1,7,7,7,15,4073692554,390662.8535
29,1498428,Hopewell,Hopewell City,T,N,18.25058712,2018/01/05 00:00:00+00,CI,51670,51670,Hopewell (city),116,4,Richmond,C7,116,116,116,670,47268803.61,38401.87084
30,1673918,Shenandoah,Shenandoah County,V,N,845.305031,2014/12/03 00:00:00+00,CO,51171,51171,Shenandoah County,85,8,Staunton,H1,85,85,85,171,2189329980,263409.3927
31,1480091,Accomack,Accomack County,T,N,1916.742803,2014/08/20 00:00:00+00,CO,51001,51001,Accomack County,1,5,Hampton Roads,H1,1,1,1,1,4964341071,366537.731
32,1690739,Dinwiddie,Dinwiddie County,V,N,797.6116893,2019/12/18 00:00:00+00,CO,51053,51053,Dinwiddie County,26,4,Richmond,H1,26,26,26,53,2065804792,219892.1225
33,1497770,Amelia,Amelia County,T,Y,572.1071535,2021/03/29 00:00:00+00,CO,51007,51007,Amelia County,4,4,Richmond,H1,4,4,4,7,1481750725,223596.5986
34,1674418,Botetourt,Botetourt County,L,Y,870.259785,2014/09/15 00:00:00+00,CO,51023,51023,Botetourt County,11,2,Salem,H1,11,11,11,23,2253962496,239372.5255
35,1480179,Westmoreland,Westmoreland County,T,N,413.7098578,,CO,51193,51193,Westmoreland County,96,6,Fredericksburg,H1,96,96,96,193,1071503613,200940.9679
36,1500936,Nelson,Nelson County,V,N,760.5782566,2014/01/28 00:00:00+00,CO,51125,51125,Nelson County,62,3,Lynchburg,H1,62,62,62,125,1969888641,271123.6429
37,1493928,Nottoway,Nottoway County,T,N,494.5643955,2019/12/18 00:00:00+00,CO,51135,51135,Nottoway County,67,4,Richmond,H1,67,67,67,135,1280915904,179905.3584
38,1789072,Martinsville,Martinsville City,T,N,17.14909554,2021/09/23 00:00:00+00,CI,51690,51690,Martinsville (city),120,2,Salem,C7,120,120,120,690,44415953.56,36796.56282
39,1497238,Appomattox,Appomattox County,T,N,532.147477,2020/09/11 00:00:00+00,CO,51011,51011,Appomattox County,6,3,Lynchburg,H1,6,6,6,11,1378255638,171607.4065
40,1494061,Fluvanna,Fluvanna County,V,N,467.9092488,2021/03/29 00:00:00+00,CO,51065,51065,Fluvanna County,32,7,Culpeper,H1,32,32,32,65,1211879391,139679.3873
41,1480145,Mathews,Mathews County,T,N,400.1370428,2017/01/25 00:00:00+00,CO,51115,51115,Mathews County,57,6,Fredericksburg,H1,57,57,57,115,1036350183,137483.4314
42,1480137,King George,King George County,L,N,305.0701698,2014/08/31 00:00:00+00,CO,51099,51099,King George County,48,6,Fredericksburg,H1,48,48,48,99,790128112.6,162520.9065
43,1492359,Prince Edward,Prince Edward County,T,N,559.0698368,2019/12/18 00:00:00+00,CO,51147,51147,Prince Edward County,73,3,Lynchburg,H1,73,73,73,147,1447984230,213486.7342
44,1494613,Bland,Bland County,V,N,565.3214392,2014/02/04 00:00:00+00,CO,51021,51021,Bland County,10,1,Bristol,H1,10,10,10,21,1464175806,221367.9128
45,1480182,York,York County,V,N,339.6762046,2017/01/25 00:00:00+00,CO,51199,51199,York County,99,5,Hampton Roads,H1,99,99,99,199,879757331,220321.5776
46,1497831,Culpeper,Culpeper County,V,N,625.36131,2014/12/03 00:00:00+00,CO,51047,51047,Culpeper County,23,7,Culpeper,H1,23,23,23,47,1619678357,264418.2435
47,1480151,Northampton,Northampton County,T,N,1134.064917,2018/09/18 00:00:00+00,CO,51131,51131,Northampton County,65,5,Hampton Roads,H1,65,65,65,131,2937214650,245445.5812
48,1480172,Spotsylvania,Spotsylvania County,V,N,672.2673913,2021/03/29 00:00:00+00,CO,51177,51177,Spotsylvania County,88,6,Fredericksburg,H1,88,88,88,177,1741164550,221513.051
49,1480111,Chesterfield,Chesterfield County,V,N,695.2242738,2021/03/29 00:00:00+00,CO,51041,51041,Chesterfield County,20,4,Richmond,H1,20,20,20,41,1800622603,281460.3446
50,1480107,Caroline,Caroline County,V,N,866.9499873,2021/03/29 00:00:00+00,CO,51033,51033,Caroline County,16,6,Fredericksburg,H1,16,16,16,33,2245390159,295019.6084
51,1498420,Colonial Heights,Colonial Heights City,V,N,12.55395624,2017/01/25 00:00:00+00,CI,51570,51570,Colonial Heights (city,106,4,Richmond,C7,106,106,106,570,32514597.4,36190.57151
52,1480139,Lancaster,Lancaster County,T,N,370.2951269,2014/09/02 00:00:00+00,CO,51103,51103,Lancaster County,51,6,Fredericksburg,H1,51,51,51,103,959059975.8,169878.5686
53,1480164,Richmond,Richmond County,T,N,348.4031109,,CO,51159,51159,Richmond County,79,6,Fredericksburg,H1,79,79,79,159,902359914.7,165018.4766
54,1789075,Staunton,Staunton City,L,Y,32.36355314,2014/06/16 11:10:15+00,CI,51790,51790,Staunton(city),132,8,Staunton,C7,132,132,132,790,83821217.82,39079.34644
55,1498443,Waynesboro,Waynesboro City,L,Y,24.4305331,2014/06/16 11:10:36+00,CI,51820,51820,Waynesboro (city),136,8,Staunton,C7,136,136,136,820,63274790.29,41256.49282
56,1480119,Fairfax,Fairfax County,L,Y,671.3527242,2021/02/18 00:00:00+00,CO,51059,51059,Fairfax County,29,9,Northern Virginia,H1,29,29,29,59,1738795573,269267.567
57,1789070,Fairfax,Fairfax City,L,Y,10.36747782,2014/12/01 00:00:00+00,CI,51600,51600,Fairfax (city),151,9,Northern Virginia,C7,151,151,151,600,26851644.29,29292.52691
58,1498563,Harrisonburg,Harrisonburg City,L,Y,28.38621856,2014/06/16 11:08:07+00,CI,51660,51660,Harrisonburg (city),115,8,Staunton,C7,115,115,115,660,73519968.55,46962.06641
59,1480141,Loudoun,Loudoun County,L,Y,866.4565282,2014/04/01 00:00:00+00,CO,51107,51107,Loudoun County,53,9,Northern Virginia,H1,53,53,53,107,2244112106,240803.4427
60,1789073,Richmond,Richmond City,L,Y,99.39238503,2021/03/29 00:00:00+00,CI,51760,51760,Richmond (city),127,4,Richmond,C7,127,127,127,760,257425095.5,106892.3821
61,1498435,Petersburg,Petersburg City,L,Y,36.18651126,2017/06/23 00:00:00+00,CI,51730,51730,Petersburg (city),123,4,Richmond,C7,123,123,123,730,93722633.79,50080.58223
62,1789076,Williamsburg,Williamsburg City,L,Y,14.29145495,2017/01/25 00:00:00+00,CI,51830,51830,Williamsburg (city),137,5,Hampton Roads,C7,137,137,137,830,37014698.6,41614.33728
63,1498417,Buena Vista,Buena Vista City,L,Y,10.47942984,2014/06/16 11:05:39+00,CI,51530,51530,Buena Vista (city),103,8,Staunton,C7,103,103,103,530,27141598.68,35416.15459
64,1789071,Lexington,Lexington City,L,Y,4.0068481,2014/06/16 11:08:27+00,CI,51678,51678,Lexington (city),117,8,Staunton,C7,117,117,117,678,10377688.94,17446.32482
65,1480166,Rockbridge,Rockbridge County,L,Y,962.9549256,2014/04/04 00:00:00+00,CO,51163,51163,Rockbridge County,81,8,Staunton,H1,81,81,81,163,2494041808,294993.2276
66,1789074,Salem,Salem City,L,Y,22.9415899,2021/09/23 00:00:00+00,CI,51775,51775,Salem (city),129,2,Salem,C7,129,129,129,775,59418445.09,45701.52857
67,1675170,Albemarle,Albemarle County,L,Y,1171.754675,2021/03/29 00:00:00+00,CO,51003,51003,Albemarle County,2,7,Culpeper,H1,2,2,2,3,3034830676,293577.619
68,1488970,Rockingham,Rockingham County,L,Y,1396.531477,2014/12/03 00:00:00+00,CO,51165,51165,Rockingham County,82,8,Staunton,H1,82,82,82,165,3616999921,335229.6673
69,1498559,Virginia Beach,Virginia Beach City,L,Y,637.0721491,2017/01/25 00:00:00+00,CI,51810,51810,Virginia Beach (city),134,5,Hampton Roads,C7,134,134,134,810,1650009291,212793.8001
70,1480165,Roanoke,Roanoke County,L,Y,397.5242034,2021/09/23 00:00:00+00,CO,51161,51161,Roanoke County,80,2,Salem,H1,80,80,80,161,1029582960,277028.8904
71,1498416,Bristol,Bristol City,L,Y,20.34046904,2014/06/16 11:05:30+00,CI,51520,51520,Bristol (city),102,1,Bristol,C7,102,102,102,520,52681572.94,62318.87038
72,1494551,Giles,Giles County,L,Y,572.6201225,2021/09/23 00:00:00+00,CO,51071,51071,Giles County,35,2,Salem,H1,35,35,35,71,1483079309,200512.0417
73,1498434,Norton,Norton City,L,Y,11.78649098,2014/06/16 11:09:14+00,CI,51720,51720,Norton (city),146,1,Bristol,C7,146,146,146,720,30526871.55,38752.11735
74,1496538,Lee,Lee County,L,Y,681.7942295,2014/02/03 00:00:00+00,CO,51105,51105,Lee County,52,1,Bristol,H1,52,52,52,105,1765838948,259394.5772
75,1498172,Scott,Scott County,L,Y,840.4571562,2014/02/03 00:00:00+00,CO,51169,51169,Scott County,84,1,Bristol,H1,84,84,84,169,2176774042,216562.4126
76,1498359,Washington,Washington County,L,Y,883.2527087,2014/08/20 00:00:00+00,CO,51191,51191,Washington County,95,1,Bristol,H1,95,95,95,191,2287614013,264656.5964
77,1500545,Smyth,Smyth County,L,Y,708.219947,2014/08/20 00:00:00+00,CO,51173,51173,Smyth County,86,1,Bristol,H1,86,86,86,173,1834281242,204472.2779
78,1497376,Dickenson,Dickenson County,L,Y,525.6441431,2014/02/03 00:00:00+00,CO,51051,51051,Dickenson County,25,1,Bristol,H1,25,25,25,51,1361412081,170876.152
79,1501379,Wythe,Wythe County,L,Y,728.4181088,2014/02/04 00:00:00+00,CO,51197,51197,Wythe County,98,1,Bristol,H1,98,98,98,197,1886594241,194550.5414
80,1496656,Wise,Wise County,L,Y,636.4231106,2014/04/17 00:00:00+00,CO,51195,51195,Wise County,97,1,Bristol,H1,97,97,97,195,1648328289,276982.2797
81,1501465,Pulaski,Pulaski County,L,Y,518.3348703,2021/09/23 00:00:00+00,CO,51155,51155,Pulaski County,77,2,Salem,H1,77,77,77,155,1342481151,191334.1225
82,1498438,Radford,Radford City,V,N,15.72564513,2014/06/16 11:09:41+00,CI,51750,51750,Radford (city),126,2,Salem,C7,126,126,126,750,40729233.82,41663.18001
83,1480132,Hanover,Hanover County,L,Y,757.6529842,2021/03/29 00:00:00+00,CO,51085,51085,Hanover County,42,4,Richmond,H1,42,42,42,85,1962312221,328065.9287
84,1494761,Orange,Orange County,L,Y,558.002491,2015/11/30 00:00:00+00,CO,51137,51137,Orange County,68,7,Culpeper,H1,68,68,68,137,1445219817,232866.2245
85,1500440,Page,Page County,L,Y,513.9267366,2014/12/03 00:00:00+00,CO,51139,51139,Page County,69,8,Staunton,H1,69,69,69,139,1331064137,178036.1265
86,1480124,Frederick,Frederick County,L,Y,692.8274554,2014/04/07 00:00:00+00,CO,51069,51069,Frederick County,34,8,Staunton,H1,34,34,34,69,1794414872,293965.7386
87,1690562,Clarke,Clarke County,L,Y,296.3494472,2014/04/04 00:00:00+00,CO,51043,51043,Clarke County,21,8,Staunton,H1,21,21,21,43,767541544.8,130648.4741
88,1480120,Fauquier,Fauquier County,L,Y,1072.914104,2014/12/03 00:00:00+00,CO,51061,51061,Fauquier County,30,7,Culpeper,H1,30,30,30,61,2778834772,293169.473
89,1674058,Warren,Warren County,L,Y,360.2037512,2014/04/04 00:00:00+00,CO,51187,51187,Warren County,93,8,Staunton,H1,93,93,93,187,932923432.7,160201.4108
90,1674818,Bedford,Bedford County,L,Y,1229.435139,2021/09/23 00:00:00+00,CO,51019,51019,Bedford County,9,2,Salem,H1,9,9,9,19,3184222389,338879.0824
91,1480173,Stafford,Stafford County,L,Y,456.0945577,2015/11/30 00:00:00+00,CO,51179,51179,Stafford County,89,6,Fredericksburg,H1,89,89,89,179,1181279482,178542.9934
92,1789077,Winchester,Winchester City,L,Y,15.35239303,2014/06/16 11:10:48+00,CI,51840,51840,Winchester (city),138,8,Staunton,C7,138,138,138,840,39762515.46,30936.53099
93,1498430,Manassas,Manassas City,L,Y,16.3775362,2021/02/18 00:00:00+00,CI,51683,51683,Manassas (city),155,9,Northern Virginia,C7,155,155,155,683,42417624.12,43399.5632
94,1498425,Fredericksburg,Fredericksburg City,L,Y,17.33959319,2015/11/30 00:00:00+00,CI,51630,51630,Fredericksburg (city),111,6,Fredericksburg,C7,111,111,111,630,44909340.14,35585.48692
95,1789068,Charlottesville,Charlottesville City,L,Y,16.55266606,2014/06/16 11:05:55+00,CI,51540,51540,Charlottesville (city),104,7,Culpeper,C7,104,104,104,540,42871208.23,48197.6617
96,1498423,Falls Church,Falls Church City,L,Y,3.37700113,2014/12/01 00:00:00+00,CI,51610,51610,Falls Church (city),110,9,Northern Virginia,C7,110,110,110,610,8746392.777,15878.23555
97,1498421,Danville,Danville City,L,Y,67.9222116,2021/09/23 00:00:00+00,CI,51590,51590,Danville (city),108,3,Lynchburg,C7,108,108,108,590,175917720.4,90021.92614
98,1673774,Highland,Highland County,L,Y,677.450062,2014/08/01 00:00:00+00,CO,51091,51091,Highland County,45,8,Staunton,H1,45,45,45,91,1754587606,202817.5754
99,1673638,Bath,Bath County,L,Y,863.7486359,2014/08/01 00:00:00+00,CO,51017,51017,Bath County,8,8,Staunton,H1,8,8,8,17,2237098697,229620.8627
100,1497748,Tazewell,Tazewell County,L,Y,819.1760855,2014/09/24 00:00:00+00,CO,51185,51185,Tazewell County,92,1,Bristol,H1,92,92,92,185,2121656321,269044.3504
101,1480135,James City,James City County,V,Y,283.5957176,2017/06/23 00:00:00+00,CO,51095,51095,James City County,47,5,Hampton Roads,H1,47,47,47,95,734509543.7,213610.3125
102,1480150,New Kent,New Kent County,V,N,356.3825118,2020/09/29 00:00:00+00,CO,51127,51127,New Kent County,63,4,Richmond,H1,63,63,63,127,923026461.3,238522.3638
103,1480109,Charles City,Charles City County,T,N,324.3516195,2017/06/23 00:00:00+00,CO,51036,51036,Charles City County,18,4,Richmond,H1,18,18,18,36,840066837.9,195305.8923
104,1480097,Arlington,Arlington County,L,Y,43.08573308,2014/12/01 00:00:00+00,CO,51013,51013,Arlington County,0,9,Northern Virginia,H1,0,0,0,13,111591536.3,52337.7961
105,1498415,Alexandria,Alexandria City,L,Y,25.3323951,2014/12/01 00:00:00+00,CI,51510,51510,Alexandria (city),100,9,Northern Virginia,C7,100,100,100,510,65610602.22,44065.6625
106,1494590,Madison,Madison County,L,Y,525.094618,2015/11/30 00:00:00+00,CO,51113,51113,Madison County,56,7,Culpeper,H1,56,56,56,113,1359988817,198677.1531
107,1494707,Louisa,Louisa County,V,Y,821.4183056,2021/03/29 00:00:00+00,CO,51109,51109,Louisa County,54,7,Culpeper,H1,54,54,54,109,2127463645,241645.5248
108,1500747,Mecklenburg,Mecklenburg County,L,Y,1057.861962,2017/06/23 00:00:00+00,CO,51117,51117,Mecklenburg County,58,4,Richmond,H1,58,58,58,117,2739849904,285131.146
109,1496705,Halifax,Halifax County,L,Y,1295.263765,2016/07/14 00:00:00+00,CO,51083,51083,Halifax County,41,3,Lynchburg,H1,41,41,41,83,3354717752,313558.3411
110,1480171,Southampton,Southampton County,L,Y,939.3460427,2017/06/23 00:00:00+00,CO,51175,51175,Southampton County,87,5,Hampton Roads,H1,87,87,87,175,2432895082,303880.4306
111,1498424,Franklin,Franklin City,L,Y,13.14553147,2017/06/23 00:00:00+00,CI,51620,51620,Franklin (city),145,5,Hampton Roads,C7,145,145,145,620,34046770.14,37054.26632
112,1498422,Emporia,Emporia City,L,Y,10.43711426,2017/06/23 00:00:00+00,CI,51595,51595,Emporia (city),109,5,Hampton Roads,C7,109,109,109,595,27032001.78,29564.30791
113,1480174,Surry,Surry County,L,Y,487.5679168,2017/06/23 00:00:00+00,CO,51181,51181,Surry County,90,5,Hampton Roads,H1,90,90,90,181,1262795107,187663.9524
114,1498560,Suffolk,Suffolk City,L,Y,668.4017107,2017/06/23 00:00:00+00,CI,51800,51800,Suffolk (city),133,5,Hampton Roads,C7,133,133,133,800,1731152483,196398.7584
115,1702378,Isle of Wight,Isle of Wight County,V,Y,568.8721637,2017/06/23 00:00:00+00,CO,51093,51093,Isle of Wight County,46,5,Hampton Roads,H1,46,46,46,93,1473372140,237207.608
116,1498558,Chesapeake,Chesapeake City,L,Y,547.4545476,2017/01/25 00:00:00+00,CI,51550,51550,Chesapeake (city),131,5,Hampton Roads,C7,131,131,131,550,1417900769,181710.8335
117,1498557,Norfolk,Norfolk City,L,Y,103.7092173,2017/01/25 00:00:00+00,CI,51710,51710,Norfolk (city),122,5,Hampton Roads,C7,122,122,122,710,268605639.6,76450.31581
118,1498556,Portsmouth,Portsmouth City,V,Y,73.21245959,2017/01/25 00:00:00+00,CI,51740,51740,Portsmouth (city),124,5,Hampton Roads,C7,124,124,124,740,189619399.9,70906.98271
119,1498554,Hampton,Hampton City,L,Y,318.254721,2018/09/18 00:00:00+00,CI,51650,51650,Hampton (city),114,5,Hampton Roads,C7,114,114,114,650,824275943.5,153847.1217
120,1498436,Poquoson,Poquoson City,T,N,104.0019599,2017/01/25 00:00:00+00,CI,51735,51735,Poquoson (city),147,5,Hampton Roads,C7,147,147,147,735,269363839.5,83881.16574
121,1498555,Newport News,Newport News City,V,Y,188.8691562,2017/01/25 00:00:00+00,CI,51700,51700,Newport News (city),121,5,Hampton Roads,C7,121,121,121,700,489168868.8,121401.8745
122,1501122,Greensville,Greensville County,L,Y,462.0313436,2017/06/23 00:00:00+00,CO,51081,51081,Greensville County,40,5,Hampton Roads,H1,40,40,40,81,1196655686,265730.8463
123,1690257,Sussex,Sussex County,L,Y,774.1044771,2017/06/23 00:00:00+00,CO,51183,51183,Sussex County,91,5,Hampton Roads,H1,91,91,91,183,2004921392,226139.7376
124,1480160,Prince George,Prince George County,V,N,443.8067182,2018/01/05 00:00:00+00,CO,51149,51149,Prince George County,74,4,Richmond,H1,74,74,74,149,1149454123,206900.4193
125,1493961,Brunswick,Brunswick County,L,Y,889.2099042,2019/12/18 00:00:00+00,CO,51025,51025,Brunswick County,12,4,Richmond,H1,12,12,12,25,2303043079,207553.5999
126,1498439,Roanoke,Roanoke City,L,Y,67.89094816,2021/09/23 00:00:00+00,CI,51770,51770,Roanoke (city),128,2,Salem,C7,128,128,128,770,175836748.4,87043.91343
127,1674917,Campbell,Campbell County,L,Y,801.0160389,2021/09/23 00:00:00+00,CO,51031,51031,Campbell County,15,3,Lynchburg,H1,15,15,15,31,2074621964,262418.7152
128,1498429,Lynchburg,Lynchburg City,L,Y,78.53456398,2020/09/11 00:00:00+00,CI,51680,51680,Lynchburg (city),118,3,Lynchburg,C7,118,118,118,680,203403644.5,82978.65632
129,1498426,Galax,Galax City,L,Y,13.29309974,2020/12/23 00:00:00+00,CI,51640,51640,Galax (city),113,2,Salem,C7,113,113,113,640,34428970.21,39550.35196
130,1498431,Manassas Park,Manassas Park City,L,Y,4.98910568,2021/02/18 00:00:00+00,CI,51685,51685,Manassas Park (city),152,9,Northern Virginia,C7,152,152,152,685,12921724.45,28873.86161
131,1480161,Prince William,Prince William County,L,Y,570.8794514,2021/08/26 00:00:00+00,CO,51153,51153,Prince William County,76,9,Northern Virginia,H1,76,76,76,153,1478570991,294991.3596
132,1674271,Goochland,Goochland County,L,Y,465.2158452,2021/03/29 00:00:00+00,CO,51075,51075,Goochland County,37,4,Richmond,H1,37,37,37,75,1204903508,214765.3116
133,1494434,Franklin,Franklin County,V,Y,1117.490506,2021/09/23 00:00:00+00,CO,51067,51067,Franklin County,33,2,Salem,H1,33,33,33,67,2894287123,295526.0638
134,2391311,Monterey,Monterey town,T,N,0.5135606,,TO,5152680,5152680,Monterey (town),91,8,Staunton,C1,262,262,262,413,1330115.852,4642.197117
135,2391471,Washington,Washington town,V,N,0.43407608,2014/08/01 15:54:23+00,TO,5183248,5183248,Washington (town),157,7,Culpeper,C1,322,322,322,480,1124251.863,4378.316622
136,2390811,Columbia,Columbia town,T,N,0.32680275,,TO,5118624,5118624,Columbia (town),65,7,Culpeper,C1,200,200,200,346,846415.2383,3905.599451
137,2391480,West Point,West Point town,V,Y,10.23934975,2017/06/23 00:00:00+00,TO,5184960,5184960,West Point (town),101,6,Fredericksburg,C1,325,325,325,483,26519794.08,29557.39166
138,2391462,Vinton,Vinton town,L,Y,4.98749223,2017/08/15 00:00:00+00,TO,5181280,5181280,Vinton (town),161,2,Salem,C1,149,149,149,474,12917545.57,19346.24011
139,2391293,McKenney,McKenney town,T,N,1.45681809,,TO,5148344,5148344,McKenney (town),53,4,Richmond,C1,257,257,257,408,3773141.52,8310.61361
140,2391451,Troutdale,Troutdale town,T,N,4.8725602,,TO,5179456,5179456,Troutdale (town),77,1,Bristol,C1,314,314,314,469,12619872.96,12663.27537
141,2390249,Hillsville,Hillsville town,L,Y,15.22691585,2014/03/06 00:00:00+00,TO,5137336,5137336,Hillsville (town),35,2,Salem,C1,237,237,237,386,39437531.06,49246.20798
142,2391313,Montross,Montross town,T,N,1.66778032,,TO,5152952,5152952,Montross (town),193,6,Fredericksburg,C1,263,263,263,414,4319531.191,11087.56022
143,2391323,New Castle,New Castle town,T,N,0.26512309,,TO,5155592,5155592,New Castle (town),45,2,Salem,C1,268,268,268,419,686665.6719,4073.598723
144,2391473,Waverly,Waverly town,T,N,4.84998205,,TO,5183600,5183600,Waverly (town),183,5,Hampton Roads,C1,323,323,323,481,12561395.88,19109.0558
145,2391390,Ridgeway,Ridgeway town,T,N,1.48361996,,TO,5167208,5167208,Ridgeway (town),89,2,Salem,C1,290,290,290,443,3842558.039,7458.737129
146,2391245,Jarratt,Jarratt town,T,N,1.96724395,,TO,5140536,5140536,Jarratt (town),81,5,Hampton Roads,C1,244,244,244,393,5095138.453,9793.664412
147,2391241,Iron Gate,Iron Gate town,T,N,0.55882359,,TO,5140024,5140024,Iron Gate (town),5,8,Staunton,C1,241,241,241,390,1447346.461,5103.959491
148,2390817,Culpeper,Culpeper town,L,Y,11.901597,2015/07/17 00:00:00+00,TO,5120752,5120752,Culpeper (town),47,7,Culpeper,C1,204,204,204,350,30824994.76,34617.73173
149,2390815,Craigsville,Craigsville town,L,Y,3.34445132,2014/01/27 00:00:00+00,TO,5119904,5119904,Craigsville (town),15,8,Staunton,C1,202,202,202,348,8662089.156,16747.75449
150,2390183,Fincastle,Fincastle town,L,Y,3.26833491,2018/06/28 00:00:00+00,TO,5127824,5127824,Fincastle (town),23,2,Salem,C1,218,218,218,366,8464948.57,23256.08632
151,2391452,Troutville,Troutville town,L,Y,1.0924533,2014/01/27 00:00:00+00,TO,5179472,5179472,Troutville (town),23,2,Salem,C1,315,315,315,470,2829441.086,9558.264564
152,2390803,Clifton,Clifton town,L,Y,0.41073282,2014/01/27 00:00:00+00,TO,5117376,5117376,Clifton (town),59,9,Northern Virginia,C1,194,194,194,340,1063793.117,4125.024603
153,2391396,Round Hill,Round Hill town,L,Y,0.61550609,2014/01/27 00:00:00+00,TO,5169168,5169168,Round Hill (town),107,9,Northern Virginia,C1,291,291,291,445,1594153.426,8211.250883
154,2390226,Hamilton,Hamilton town,L,Y,0.34813906,2014/01/27 00:00:00+00,TO,5134240,5134240,Hamilton (town),107,9,Northern Virginia,C1,232,232,232,381,901676.043,6278.694816
155,2391340,Occoquan,Occoquan town,L,Y,0.35575094,2014/01/27 00:00:00+00,TO,5158696,5158696,Occoquan (town),153,9,Northern Virginia,C1,272,272,272,423,921390.7305,4497.244604
156,2391377,Quantico,Quantico town,L,Y,0.11434089,2014/01/27 00:00:00+00,TO,5165120,5165120,Quantico (town),153,9,Northern Virginia,C1,287,287,287,439,296141.5586,2451.070623
157,2390195,Front Royal,Front Royal town,V,Y,17.38233186,2015/07/17 00:00:00+00,TO,5129968,5129968,Front Royal (town),187,8,Staunton,C1,112,112,112,369,45020032.96,44890.10549
158,2391359,Phenix,Phenix town,L,Y,1.81542806,2009/03/26 00:00:00+00,TO,5161896,5161896,Phenix (town),37,3,Lynchburg,C1,282,282,282,433,4701937.082,10134.61488
159,2390149,Drakes Branch,Drakes Branch town,L,Y,6.49876765,2009/03/26 00:00:00+00,TO,5123376,5123376,Drakes Branch (town),37,3,Lynchburg,C1,209,209,209,355,16831730.94,16411.27382
160,2390778,Charlotte Court House,Charlotte Court House town,L,Y,6.23342959,2009/03/26 00:00:00+00,TO,5114952,5114952,Charlotte Court House (town),37,3,Lynchburg,C1,185,185,185,330,16144508.52,16067.03992
161,2391255,Keysville,Keysville town,L,Y,1.85092466,2009/03/26 00:00:00+00,TO,5142264,5142264,Keysville (town),37,3,Lynchburg,C1,248,248,248,397,4793872.855,10513.87964
162,2390767,Cape Charles,Cape Charles town,L,Y,6.26722448,2014/08/15 00:00:00+00,TO,5112808,5112808,Cape Charles (town),131,5,Hampton Roads,C1,182,182,182,327,16232036.85,20669.43238
163,2390781,Cheriton,Cheriton town,L,Y,1.60114746,2007/12/10 00:00:00+00,TO,5115112,5115112,Cheriton (town),131,5,Hampton Roads,C1,188,188,188,333,4146952.902,11155.45937
164,2390159,Eastville,Eastville town,L,Y,0.36926524,2007/12/10 00:00:00+00,TO,5124752,5124752,Eastville (town),131,5,Hampton Roads,C1,214,214,214,361,956392.5781,5718.249393
165,2391322,Nassawadox,Nassawadox town,L,Y,1.04994389,2007/12/10 00:00:00+00,TO,5154984,5154984,Nassawadox (town),131,5,Hampton Roads,C1,267,267,267,418,2719342.203,10136.28319
166,2390720,Belle Haven,Belle Haven town,V,N,2.49138842,2014/08/15 00:00:00+00,TO,5105912,5105912,Belle Haven (town),1,5,Hampton Roads,C1,167,167,167,308,6452666.414,12323.13291
167,2391349,Painter,Painter town,L,Y,1.03492678,2007/11/12 00:00:00+00,TO,5160296,5160296,Painter (town),1,5,Hampton Roads,C1,276,276,276,427,2680448.043,7525.203068
168,2391250,Keller,Keller town,L,Y,0.54996527,2007/11/12 00:00:00+00,TO,5141656,5141656,Keller (town),1,5,Hampton Roads,C1,246,246,246,395,1424403.492,6113.984807
169,2391295,Melfa,Melfa town,L,Y,0.4633859,2007/11/12 00:00:00+00,TO,5150984,5150984,Melfa (town),1,5,Hampton Roads,C1,258,258,258,409,1200164,6083.473055
170,2391403,Saxis,Saxis town,L,Y,0.53093454,2014/08/15 00:00:00+00,TO,5170576,5170576,Saxis (town),1,5,Hampton Roads,C1,296,296,296,450,1375114.105,7231.281347
171,2391465,Wachapreague,Wachapreague town,L,Y,0.36960794,2014/08/15 00:00:00+00,TO,5182320,5182320,Wachapreague (town),1,5,Hampton Roads,C1,319,319,319,476,957280.2031,5452.648184
172,2391346,Onley,Onley town,L,Y,1.29016388,2007/11/12 00:00:00+00,TO,5159384,5159384,Onley (town),1,5,Hampton Roads,C1,274,274,274,425,3341509.082,9934.037924
173,2390696,Accomac,Accomac town,L,Y,0.65502068,2007/11/12 00:00:00+00,TO,5100180,5100180,Accomac (town),1,5,Hampton Roads,C1,160,160,160,301,1696495.766,11322.88004
174,2391345,Onancock,Onancock town,L,Y,1.6783192,2014/08/15 00:00:00+00,TO,5159336,5159336,Onancock (town),1,5,Hampton Roads,C1,273,273,273,424,4346826.758,10981.03641
175,2391438,Tangier,Tangier town,L,Y,1.4531854,2014/08/15 00:00:00+00,TO,5177520,5177520,Tangier (town),1,5,Hampton Roads,C1,309,309,309,463,3763732.934,11518.37163
176,2391351,Parksley,Parksley town,L,Y,0.98591193,2007/11/12 00:00:00+00,TO,5160680,5160680,Parksley (town),1,5,Hampton Roads,C1,278,278,278,429,2553500.125,7013.618158
177,2390736,Bloxom,Bloxom town,L,Y,0.53129993,2007/11/12 00:00:00+00,TO,5108120,5108120,Bloxom (town),1,5,Hampton Roads,C1,169,169,169,313,1376060.527,6813.368741
178,2390224,Hallwood,Hallwood town,L,Y,0.37863955,2007/11/12 00:00:00+00,TO,5134176,5134176,Hallwood (town),1,5,Hampton Roads,C1,231,231,231,380,980671.9961,6105.108012
179,2390792,Chincoteague,Chincoteague town,L,Y,63.2652506,2014/08/15 00:00:00+00,TO,5116512,5116512,Chincoteague (town),1,5,Hampton Roads,C1,190,190,190,335,163856247,100765.1163
180,2390206,Glasgow,Glasgow town,L,Y,2.44766019,2014/01/28 00:00:00+00,TO,5131136,5131136,Glasgow (town),163,8,Staunton,C1,223,223,223,372,6339410.809,16220.51308
181,2390213,Goshen,Goshen town,L,Y,2.8303199,2014/01/28 00:00:00+00,TO,5131968,5131968,Goshen (town),163,8,Staunton,C1,226,226,226,375,7330494.863,21471.3166
182,2391387,Richlands,Richlands town,L,Y,8.98389784,2014/01/28 00:00:00+00,TO,5166928,5166928,Richlands (town),185,1,Bristol,C1,148,148,148,442,23268188.62,26503.6695
183,2390773,Cedar Bluff,Cedar Bluff town,L,Y,3.3509004,2014/01/28 00:00:00+00,TO,5113784,5113784,Cedar Bluff (town),185,1,Bristol,C1,184,184,184,329,8678792.176,13637.20496
184,2391326,New Market,New Market town,L,Y,3.33037974,2014/01/28 00:00:00+00,TO,5155848,5155848,New Market (town),171,8,Staunton,C1,269,269,269,420,8625643.926,23628.45825
185,2390160,Edinburg,Edinburg town,L,Y,1.24934325,2014/01/28 00:00:00+00,TO,5125008,5125008,Edinburg (town),171,8,Staunton,C1,215,215,215,362,3235784.184,9951.246784
186,2391447,Toms Brook,Toms Brook town,L,Y,0.20769642,2014/01/28 00:00:00+00,TO,5179024,5179024,Toms Brook (town),171,8,Staunton,C1,313,313,313,468,537931.2813,4381.476644
187,2391430,Strasburg,Strasburg town,L,Y,6.75225436,2014/02/04 00:00:00+00,TO,5176000,5176000,Strasburg (town),171,8,Staunton,C1,306,306,306,460,17488258.52,30712.65243
188,2390221,Grottoes,Grottoes town,L,Y,3.36448656,2014/03/07 00:00:00+00,TO,5133488,5133488,Grottoes (town),165,8,Staunton,C1,228,228,228,377,8713980.16,19332.13252
189,2390209,Glen Lyn,Glen Lyn town,L,Y,1.06945667,2014/01/30 00:00:00+00,TO,5131376,5131376,Glen Lyn (town),71,2,Salem,C1,224,224,224,373,2769880.051,9813.593514
190,2391386,Rich Creek,Rich Creek town,L,Y,1.24422115,2014/01/30 00:00:00+00,TO,5166896,5166896,Rich Creek (town),71,2,Salem,C1,289,289,289,441,3222517.973,8916.083321
191,2391321,Narrows,Narrows town,L,Y,2.10584743,2020/12/23 00:00:00+00,TO,5154904,5154904,Narrows (town),71,2,Salem,C1,266,266,266,417,5454119.809,13277.90453
192,2391354,Pearisburg,Pearisburg town,L,Y,5.0358282,2014/01/30 00:00:00+00,TO,5161208,5161208,Pearisburg (town),71,2,Salem,C1,279,279,279,430,13042735.13,22942.13289
193,2391355,Pembroke,Pembroke town,L,Y,1.71957182,2014/01/30 00:00:00+00,TO,5161336,5161336,Pembroke (town),71,2,Salem,C1,280,280,280,431,4453670.547,12072.04641
194,2390797,Clarksville,Clarksville town,L,Y,4.97684513,2020/12/23 00:00:00+00,TO,5116992,5116992,Clarksville (town),117,4,Richmond,C1,192,192,192,338,12889981.23,41383.9732
195,2391356,Pennington Gap,Pennington Gap town,L,Y,2.64028369,2014/02/03 00:00:00+00,TO,5161560,5161560,Pennington Gap (town),105,1,Bristol,C1,281,281,281,432,6838303.391,17688.55312
196,2391370,Pound,Pound town,L,Y,4.11003122,2014/02/03 00:00:00+00,TO,5164272,5164272,Pound (town),195,1,Bristol,C1,285,285,285,436,10644932.01,19074.02627
197,2390808,Coeburn,Coeburn town,L,Y,3.06546835,2014/02/03 00:00:00+00,TO,5117952,5117952,Coeburn (town),195,1,Bristol,C1,198,198,198,344,7939526.582,18834.98017
198,2390706,Appalachia,Appalachia town,L,Y,3.61476716,2014/02/03 00:00:00+00,TO,5102040,5102040,Appalachia (town),195,1,Bristol,C1,164,164,164,305,9362203.969,15502.0262
199,2391497,Wytheville,Wytheville town,L,Y,22.6755081,2014/02/03 00:00:00+00,TO,5188000,5188000,Wytheville (town),197,1,Bristol,C1,139,139,139,488,58729296.34,44651.02569
200,2391399,Rural Retreat,Rural Retreat town,L,Y,3.43870783,2014/02/03 00:00:00+00,TO,5169456,5169456,Rural Retreat (town),197,1,Bristol,C1,292,292,292,446,8906212.375,15300.21284
201,2391374,Pulaski,Pulaski town,L,Y,12.70093143,2014/02/04 00:00:00+00,TO,5164880,5164880,Pulaski (town),155,2,Salem,C1,125,125,125,437,32895261.41,31665.2501
202,2390150,Dublin,Dublin town,L,Y,2.1054766,2014/02/04 00:00:00+00,TO,5123648,5123648,Dublin (town),155,2,Salem,C1,210,210,210,357,5453159.367,17270.90546
203,2390153,Dungannon,Dungannon town,L,Y,0.55830253,2014/02/04 00:00:00+00,TO,5123952,5123952,Dungannon (town),169,1,Bristol,C1,213,213,213,360,1445996.941,4953.997917
204,2391331,Nickelsville,Nickelsville town,L,Y,0.75023529,2014/02/04 00:00:00+00,TO,5156304,5156304,Nickelsville (town),169,1,Bristol,C1,271,271,271,422,1943100.473,7044.915172
205,2390201,Gate City,Gate City town,L,Y,6.25292397,2014/02/04 00:00:00+00,TO,5130496,5130496,Gate City (town),169,1,Bristol,C1,221,221,221,370,16194998.73,21553.23255
206,2391475,Weber City,Weber City town,L,Y,2.68317454,2014/12/02 00:00:00+00,TO,5183808,5183808,Weber City (town),169,1,Bristol,C1,324,324,324,482,6949390.145,13289.992
207,2390806,Clinchport,Clinchport town,L,Y,1.08453194,2014/02/04 00:00:00+00,TO,5117536,5117536,Clinchport (town),169,1,Bristol,C1,195,195,195,341,2808924.832,8199.808911
208,2390151,Duffield,Duffield town,L,Y,0.95531982,2014/02/04 00:00:00+00,TO,5123680,5123680,Duffield (town),169,1,Bristol,C1,211,211,211,358,2474266.98,8543.003657
209,2391401,Saltville,Saltville town,L,Y,12.74583055,2014/02/04 00:00:00+00,TO,5170096,5170096,Saltville (town),173,1,Bristol,C1,295,295,295,449,33011549.53,29124.67785
210,2390791,Chilhowie,Chilhowie town,L,Y,3.95252271,2014/08/20 00:00:00+00,TO,5116480,5116480,Chilhowie (town),173,1,Bristol,C1,189,189,189,334,10236986.82,17515.47108
211,2390694,Abingdon,Abingdon town,L,Y,12.42725253,2014/02/04 00:00:00+00,TO,5100148,5100148,Abingdon (town),191,1,Bristol,C1,140,140,140,300,32186436.28,39705.17242
212,2390819,Damascus,Damascus town,L,Y,1.29746881,2014/02/04 00:00:00+00,TO,5121184,5121184,Damascus (town),191,1,Bristol,C1,205,205,205,351,3360428.766,10870.9505
213,2390205,Glade Spring,Glade Spring town,L,Y,1.91226336,2014/02/04 00:00:00+00,TO,5131056,5131056,Glade Spring (town),191,1,Bristol,C1,222,222,222,371,4952739.371,13589.74862
214,2391405,Scottsville,Scottsville town,L,Y,2.50645654,2014/02/24 00:00:00+00,TO,5170800,5170800,Scottsville (town),3,7,Culpeper,C1,298,298,298,452,6491692.637,13952.8469
215,2391488,Windsor,Windsor town,L,Y,6.30008923,2014/02/27 00:00:00+00,TO,5186784,5186784,Windsor (town),93,5,Hampton Roads,C1,328,328,328,485,16317156.22,21596.23396
216,2390723,Berryville,Berryville town,L,Y,3.77003549,2014/03/28 00:00:00+00,TO,5106968,5106968,Berryville (town),43,8,Staunton,C1,168,168,168,309,9764347.027,18242.63529
217,2390743,Boyce,Boyce town,L,Y,0.61241382,2014/03/28 00:00:00+00,TO,5108984,5108984,Boyce (town),43,8,Staunton,C1,172,172,172,317,1586144.508,5965.339746
218,2391428,Stephens City,Stephens City town,L,Y,4.02589357,2014/04/01 00:00:00+00,TO,5175344,5175344,Stephens City (town),69,8,Staunton,C1,304,304,304,458,10427016.55,17938.00044
219,2391300,Middletown,Middletown town,L,Y,1.24106357,2014/04/01 00:00:00+00,TO,5151512,5151512,Middletown (town),69,8,Staunton,C1,260,260,260,411,3214339.934,9074.560617
220,2391443,The Plains,The Plains town,L,Y,0.45566997,2014/04/01 00:00:00+00,TO,5178192,5178192,The Plains (town),61,7,Culpeper,C1,311,311,311,466,1180179.793,5049.970529
221,2391384,Remington,Remington town,L,Y,0.35782531,2014/04/01 00:00:00+00,TO,5166512,5166512,Remington (town),61,7,Culpeper,C1,288,288,288,440,926763.2891,4293.367585
222,2391469,Warrenton,Warrenton town,L,Y,7.15667253,2014/04/01 00:00:00+00,TO,5183136,5183136,Warrenton (town),61,7,Culpeper,C1,156,156,156,478,18535696.77,20183.82257
223,1498450,Bedford,Bedford town,L,Y,13.84051025,2015/07/16 00:00:00+00,TO,5105544,51515,Bedford (town),141,2,Salem,C1,141,515,141,515,35846757.01,43416.75257
224,2391490,Wise,Wise town,L,Y,4.78406042,2014/04/10 09:58:01+00,TO,5187072,5187072,Wise (town),195,1,Bristol,C1,329,329,329,486,12390659.61,17652.5869
225,2390172,Exmore,Exmore Town,V,Y,4.13473208,2014/08/22 00:00:00+00,TO,5126416,5126416,Exmore (town),131,5,Hampton Roads,C1,217,217,217,364,10708906.97,21723.71017
226,2391431,Stuart,Stuart town,L,Y,4.74657107,2014/11/06 00:00:00+00,TO,5176256,5176256,Stuart (town),141,2,Salem,C1,307,307,307,461,12293562.64,21493.20235
227,2390756,Brookneal,Brookneal town,L,Y,5.64687037,2016/07/14 00:00:00+00,TO,5110296,5110296,Brookneal (town),31,3,Lynchburg,C1,179,179,179,324,14625327.14,18420.07345
228,2390701,Altavista,Altavista town,L,Y,8.11923642,2020/12/23 00:00:00+00,TO,5101528,5101528,Altavista (town),143,3,Lynchburg,C1,162,162,162,303,21028729.8,25649.60286
229,2390702,Amherst,Amherst town,L,Y,7.88276905,2014/11/17 00:00:00+00,TO,5101672,5101672,Amherst (town),9,3,Lynchburg,C1,163,163,163,304,20416278.13,31387.52953
230,2391281,Madison,Madison town,L,Y,0.38527941,2014/12/03 00:00:00+00,TO,5148488,5148488,Madison (town),113,7,Culpeper,C1,256,256,256,406,997869.1016,4924.537184
231,2391395,Rocky Mount,Rocky Mount town,L,Y,10.77007625,2014/04/04 00:00:00+00,TO,5168496,5168496,Rocky Mount (town),67,2,Salem,C1,157,157,157,444,27894369.25,33826.77065
232,2390739,Boones Mill,Boones Mill town,L,Y,1.16398258,2014/04/04 00:00:00+00,TO,5108584,5108584,Boones Mill (town),67,2,Salem,C1,170,170,170,315,3014701.035,6750.027762
233,2390742,Bowling Green,Bowling Green town,L,Y,2.64496429,2014/04/07 00:00:00+00,TO,5108888,5108888,Bowling Green (town),33,6,Fredericksburg,C1,171,171,171,316,6850426.063,15666.61491
234,2391318,Mount Jackson,Mount Jackson town,L,Y,6.0883661,2020/12/23 00:00:00+00,TO,5153992,5153992,Mount Jackson (town),171,8,Staunton,C1,265,265,265,416,15768795.9,46993.69484
235,2390810,Colonial Beach,Colonial Beach town,T,N,4.84420039,,TO,5118400,5118400,Colonial Beach (town),193,6,Fredericksburg,C1,199,199,199,345,12546421.43,28884.93286
236,2391275,Louisa,Louisa town,T,Y,3.07643795,2015/11/30 00:00:00+00,TO,5147144,5147144,Louisa (town),109,7,Culpeper,C1,254,254,254,403,7967937.715,14523.50856
237,2391308,Mineral,Mineral town,V,Y,1.45522302,2015/11/30 00:00:00+00,TO,5152120,5152120,Mineral (town),109,7,Culpeper,C1,261,261,261,412,3769010.258,10967.34595
238,2390759,Buchanan,Buchanan town,L,Y,3.52580775,2016/07/14 00:00:00+00,TO,5110744,5110744,Buchanan (town),23,2,Salem,C1,180,180,180,325,9131800.148,18266.89374
239,2391317,Mount Crawford,Mount Crawford town,L,Y,0.80269876,2016/02/09 00:00:00+00,TO,5153864,5153864,Mount Crawford (town),165,8,Staunton,C1,264,264,264,415,2078980.223,7742.669416
240,2390823,Dayton,Dayton town,L,Y,1.68441272,2016/02/09 00:00:00+00,TO,5121648,5121648,Dayton (town),165,8,Staunton,C1,206,206,206,352,4362608.895,16909.22895
241,2391446,Timberville,Timberville town,L,Y,2.12525302,2016/02/09 00:00:00+00,TO,5178736,5178736,Timberville (town),165,8,Staunton,C1,312,312,312,467,5504380.059,16516.17119
242,2390250,Honaker,Honaker town,L,Y,2.61869899,2016/04/21 00:00:00+00,TO,5138280,5138280,Honaker (town),167,1,Bristol,C1,239,239,239,387,6782399.25,12543.61357
243,2390244,Herndon,Herndon town,L,Y,7.09102188,2016/06/14 00:00:00+00,TO,5136648,5136648,Herndon (town),59,9,Northern Virginia,C1,235,235,235,384,18365662.32,18070.82716
244,2391286,Marion,Marion town,L,Y,7.5579052,2016/07/14 00:00:00+00,TO,5149464,5149464,Marion (town),173,1,Bristol,C1,119,119,119,407,19574884.57,29513.22371
245,2390780,Chatham,Chatham town,L,Y,3.19754038,2016/07/14 00:00:00+00,TO,5115000,5115000,Chatham (town),143,3,Lynchburg,C1,187,187,187,332,8281591.582,15097.30919
246,2390220,Gretna,Gretna town,L,Y,2.64749144,2016/07/14 00:00:00+00,TO,5133232,5133232,Gretna (town),143,3,Lynchburg,C1,227,227,227,376,6856971.313,15642.74969
247,2391236,Hurt,Hurt town,L,Y,5.54213848,2016/12/06 00:00:00+00,TO,5139224,5139224,Hurt (town),143,3,Lynchburg,C1,331,331,331,388,14354072.76,21238.92257
248,2391470,Warsaw,Warsaw town,L,Y,4.79133125,2016/12/06 00:00:00+00,TO,5183168,5183168,Warsaw (town),159,6,Fredericksburg,C1,321,321,321,479,12409490.98,21665.15452
249,2390145,Dendron,Dendron town,L,Y,5.63963439,2017/01/25 00:00:00+00,TO,5122160,5122160,Dendron (town),181,5,Hampton Roads,C1,207,207,207,353,14606586.03,18042.48458
250,2391434,Surry,Surry town,L,Y,1.47639417,2017/01/25 00:00:00+00,TO,5176880,5176880,Surry (town),181,5,Hampton Roads,C1,308,308,308,462,3823843.391,8328.014515
251,2390796,Claremont,Claremont town,L,Y,6.10472663,2017/01/25 00:00:00+00,TO,5116880,5116880,Claremont (town),181,5,Hampton Roads,C1,191,191,191,337,15811169.41,17538.95856
252,2391483,White Stone,White Stone town,L,Y,1.32978152,2017/01/25 00:00:00+00,TO,5185600,5185600,White Stone (town),103,6,Fredericksburg,C1,327,327,327,484,3444118.34,9012.406596
253,2390247,Hillsboro,Hillsboro town,L,Y,0.44874027,2017/06/23 00:00:00+00,TO,5137288,5137288,Hillsboro (town),107,9,Northern Virginia,C1,236,236,236,385,1162231.965,6460.783789
254,2391297,Middleburg,Middleburg town,L,Y,1.72080366,2017/06/23 00:00:00+00,TO,5151448,5151448,Middleburg (town),107,9,Northern Virginia,C1,259,259,259,410,4456866.801,12792.14464
255,2390167,Elkton,Elkton town,L,Y,5.23593612,2017/06/23 00:00:00+00,TO,5125408,5125408,Elkton (town),165,8,Staunton,C1,216,216,216,363,13561012.25,30429.39002
256,2390804,Clifton Forge,Clifton Forge town,L,Y,4.9413737,2017/06/23 00:00:00+00,TO,5117440,5117440,Clifton Forge (town),5,8,Staunton,C1,105,105,105,493,12798099.12,22903.2406
257,2390186,Floyd,Floyd town,L,Y,0.66090397,2017/06/23 00:00:00+00,TO,5128544,5128544,Floyd (town),63,2,Salem,C1,219,219,219,367,1711733.438,5410.39412
258,2390222,Grundy,Grundy town,L,Y,7.97197456,2017/06/23 00:00:00+00,TO,5133648,5133648,Grundy (town),27,1,Bristol,C1,229,229,229,378,20647319.32,21379.55715
259,2391466,Wakefield,Wakefield town,L,Y,2.03457023,2017/06/23 00:00:00+00,TO,5182384,5182384,Wakefield (town),183,5,Hampton Roads,C1,320,320,320,477,5269512.707,9794.015203
260,2391429,Stony Creek,Stony Creek town,L,Y,0.93055025,2017/06/23 00:00:00+00,TO,5175840,5175840,Stony Creek (town),183,5,Hampton Roads,C1,305,305,305,459,2410114.066,6336.991308
261,2390152,Dumfries,Dumfries town,L,Y,2.52652961,2019/02/19 00:00:00+00,TO,5123760,5123760,Dumfries (town),153,9,Northern Virginia,C1,212,212,212,359,6543681.602,17455.6231
262,2390236,Haymarket,Haymarket town,L,Y,0.94629401,2019/02/19 00:00:00+00,TO,5135976,5135976,Haymarket (town),153,9,Northern Virginia,C1,233,233,233,382,2450890.227,6529.427707
263,2391276,Lovettsville,Lovettsville town,L,Y,1.41409789,2019/02/19 00:00:00+00,TO,5147208,5147208,Lovettsville (town),107,9,Northern Virginia,C1,255,255,255,404,3662483.516,11529.22957
264,2391461,Vienna,Vienna town,L,Y,7.27672112,2019/02/19 00:00:00+00,TO,5181072,5181072,Vienna (town),59,9,Northern Virginia,C1,153,153,153,473,18846621.18,25210.28202
265,2391494,Woodstock,Woodstock town,L,Y,6.29094093,2020/12/23 00:00:00+00,TO,5187712,5187712,Woodstock (town),171,8,Staunton,C1,330,330,330,487,16293462.14,29819.0842
266,2390753,Broadway,Broadway town,L,Y,3.93396244,2020/12/23 00:00:00+00,TO,5110040,5110040,Broadway (town),165,8,Staunton,C1,177,177,177,322,10188915.96,17350.30028
267,2390752,Bridgewater,Bridgewater town,L,Y,4.11778786,2020/12/23 00:00:00+00,TO,5109656,5109656,Bridgewater (town),165,8,Staunton,C1,176,176,176,321,10665021.52,25969.30881
268,2390731,Blacksburg,Blacksburg town,L,Y,31.22337561,2020/12/23 00:00:00+00,TO,5107784,5107784,Blacksburg (town),121,2,Salem,C1,150,150,150,311,80868171.54,61390.45718
269,2390793,Christiansburg,Christiansburg town,L,Y,23.09241499,2020/12/23 00:00:00+00,TO,5116608,5116608,Christiansburg (town),121,2,Salem,C1,154,154,154,336,59809080.18,63898.46781
270,2391440,Tazewell,Tazewell town,L,Y,10.83926795,2020/12/23 00:00:00+00,TO,5177792,5177792,Tazewell (town),185,1,Bristol,C1,158,158,158,465,28073575.18,34692.88519
271,2391365,Pocahontas,Pocahontas town,L,Y,0.94240156,2020/12/23 00:00:00+00,TO,5163288,5163288,Pocahontas (town),185,1,Bristol,C1,283,283,283,434,2440808.816,7407.188328
272,2390737,Bluefield,Bluefield town,L,Y,14.94661706,2020/12/23 00:00:00+00,TO,5108152,5108152,Bluefield (town),185,1,Bristol,C1,143,143,143,314,38711560.6,49131.97867
273,2391400,St. Paul,St. Paul town,L,Y,2.23444629,2020/12/23 00:00:00+00,TO,5169936,5169936,St. Paul (town),195,1,Bristol,C1,294,294,294,448,5787189.336,21137.81087
274,2390730,Big Stone Gap,Big Stone Gap town,L,Y,7.62163994,2020/12/23 00:00:00+00,TO,5107480,5107480,Big Stone Gap (town),195,1,Bristol,C1,101,101,101,310,19739956.85,35617.62592
275,2391247,Jonesville,Jonesville town,V,Y,1.78906048,2020/12/23 00:00:00+00,TO,5141272,5141272,Jonesville (town),105,1,Bristol,C1,245,245,245,394,4633645.371,11400.69788
276,2391423,St. Charles,St. Charles town,L,Y,0.25835372,2020/12/23 00:00:00+00,TO,5169792,5169792,St. Charles (town),105,1,Bristol,C1,293,293,293,447,669133.0742,3556.448973
277,2390805,Clinchco,Clinchco town,L,Y,4.43634051,2020/12/23 00:00:00+00,TO,5117504,5117504,Clinchco (town),51,1,Bristol,C1,339,339,339,490,11490069.17,15676.54668
278,2390237,Haysi,Haysi town,L,Y,5.9527071,2020/12/23 00:00:00+00,TO,5136008,5136008,Haysi (town),51,1,Bristol,C1,234,234,234,383,15417440.61,28976.42702
279,2390807,Clintwood,Clintwood town,L,Y,3.27928013,2020/12/23 00:00:00+00,TO,5117552,5117552,Clintwood (town),51,1,Bristol,C1,196,196,196,342,8493296.551,16607.03257
280,2390802,Cleveland,Cleveland town,L,Y,0.30963582,2020/12/23 00:00:00+00,TO,5117296,5117296,Cleveland (town),167,1,Bristol,C1,193,193,193,339,801953.1055,4120.491905
281,2391265,Lebanon,Lebanon town,L,Y,7.69161848,2020/12/23 00:00:00+00,TO,5144696,5144696,Lebanon (town),167,1,Bristol,C1,252,252,252,401,19921200.48,29020.20533
282,2390194,Fries,Fries town,L,Y,1.28184521,2020/12/23 00:00:00+00,TO,5129920,5129920,Fries (town),77,1,Bristol,C1,220,220,220,368,3319963.824,8681.115819
283,2391239,Independence,Independence town,L,Y,3.66039068,2020/12/23 00:00:00+00,TO,5139528,5139528,Independence (town),77,1,Bristol,C1,240,240,240,389,9480368.355,13939.19779
284,2391410,Shenandoah,Shenandoah town,L,Y,3.5158044,2020/12/23 00:00:00+00,TO,5171776,5171776,Shenandoah (town),139,8,Staunton,C1,299,299,299,453,9105891.582,12239.51339
285,2391426,Stanley,Stanley town,L,Y,2.35765561,2020/12/23 00:00:00+00,TO,5175024,5175024,Stanley (town),139,8,Staunton,C1,303,303,303,457,6106300.027,14860.92067
286,2391279,Luray,Luray town,L,Y,7.89412356,2020/12/23 00:00:00+00,TO,5147528,5147528,Luray (town),139,8,Staunton,C1,159,159,159,425,20445686.11,33945.07344
287,2391347,Orange,Orange town,L,Y,5.51268377,2020/12/23 00:00:00+00,TO,5159496,5159496,Orange (town),137,7,Culpeper,C1,275,275,275,426,14277785.39,28392.29762
288,2390212,Gordonsville,Gordonsville town,L,Y,1.53495227,2020/12/23 00:00:00+00,TO,5131936,5131936,Gordonsville (town),137,7,Culpeper,C1,225,225,225,374,3975508.156,9566.814214
289,2391425,Stanardsville,Stanardsville town,L,Y,0.56444402,2020/12/23 00:00:00+00,TO,5175008,5175008,Stanardsville (town),79,7,Culpeper,C1,302,302,302,456,1461903.289,5356.804422
290,2391368,Port Royal,Port Royal town,L,Y,1.06659062,2020/12/23 00:00:00+00,TO,5163928,5163928,Port Royal (town),33,6,Fredericksburg,C1,284,284,284,435,2762426.227,12160.6733
291,2391439,Tappahannock,Tappahannock town,L,Y,4.43906251,2020/12/23 00:00:00+00,TO,5177568,5177568,Tappahannock (town),57,6,Fredericksburg,C1,310,310,310,464,11497119.13,16037.65628
292,2391242,Irvington,Irvington town,L,Y,2.92165969,2020/12/23 00:00:00+00,TO,5140088,5140088,Irvington (town),103,6,Fredericksburg,C1,242,242,242,391,7567063.848,12322.3077
293,2391256,Kilmarnock,Kilmarnock town,L,Y,5.4427498,2020/12/23 00:00:00+00,TO,5142424,5142424,Kilmarnock (town),103,6,Fredericksburg,C1,249,249,249,398,14096657.27,18889.54775
294,2391458,Urbanna,Urbanna town,L,Y,0.743797,2020/12/23 00:00:00+00,TO,5180272,5180272,Urbanna (town),119,6,Fredericksburg,C1,316,316,316,471,1926425.367,5822.806651
295,2391413,Smithfield,Smithfield town,L,Y,16.67271158,2020/12/23 00:00:00+00,TO,5173200,5173200,Smithfield (town),93,5,Hampton Roads,C1,300,300,300,454,43182124.81,37371.75492
296,2391243,Ivor,Ivor town,L,Y,1.70960645,2020/12/23 00:00:00+00,TO,5140232,5140232,Ivor (town),175,5,Hampton Roads,C1,243,243,243,392,4427860.391,8602.537406
297,2390770,Capron,Capron town,L,Y,0.2576986,2020/12/23 00:00:00+00,TO,5112904,5112904,Capron (town),175,5,Hampton Roads,C1,183,183,183,328,667436.3008,4923.442873
298,2390813,Courtland,Courtland town,L,Y,1.42963731,2020/12/23 00:00:00+00,TO,5119600,5119600,Courtland (town),175,5,Hampton Roads,C1,201,201,201,347,3702743.621,10714.46253
299,2391330,Newsoms,Newsoms town,L,Y,0.7775102,2020/12/23 00:00:00+00,TO,5156096,5156096,Newsoms (town),175,5,Hampton Roads,C1,270,270,270,421,2013742.176,6588.806154
300,2390748,Branchville,Branchville town,L,Y,0.66309451,2020/12/23 00:00:00+00,TO,5109208,5109208,Branchville (town),175,5,Hampton Roads,C1,175,175,175,320,1717406.891,5188.869561
301,2390745,Boykins,Boykins town,L,Y,1.07881364,2020/12/23 00:00:00+00,TO,5109032,5109032,Boykins (town),175,5,Hampton Roads,C1,174,174,174,319,2794114.484,9197.566279
302,2390754,Brodnax,Brodnax town,L,Y,1.07348534,2020/12/23 00:00:00+00,TO,5110072,5110072,Brodnax (town),25,4,Richmond,C1,178,178,178,323,2780314.297,6808.852175
303,2391263,Lawrenceville,Lawrenceville town,L,Y,1.87574884,2020/12/23 00:00:00+00,TO,5144520,5144520,Lawrenceville (town),25,4,Richmond,C1,251,251,251,400,4858167.203,12327.80754
304,2390698,Alberta,Alberta town,L,Y,3.23433165,2020/12/23 00:00:00+00,TO,5100724,5100724,Alberta (town),25,4,Richmond,C1,161,161,161,302,8376880.543,25241.35726
305,2390779,Chase City,Chase City town,L,Y,3.36512047,2020/12/23 00:00:00+00,TO,5114984,5114984,Chase City (town),117,4,Richmond,C1,186,186,186,331,8715622.016,12754.6732
306,2390744,Boydton,Boydton town,L,Y,1.20836654,2020/12/23 00:00:00+00,TO,5109016,5109016,Boydton (town),117,4,Richmond,C1,173,173,173,318,3129654.965,7404.761094
307,2391422,South Hill,South Hill town,L,Y,15.5297927,2020/12/23 00:00:00+00,TO,5173904,5173904,South Hill (town),117,4,Richmond,C1,301,301,301,455,40221978.47,46828.70482
308,2391259,La Crosse,La Crosse town,L,Y,1.86899195,2020/12/23 00:00:00+00,TO,5143176,5143176,La Crosse (town),117,4,Richmond,C1,250,250,250,399,4840666.934,13453.11045
309,2391404,Scottsburg,Scottsburg town,L,Y,1.13815798,2020/12/23 00:00:00+00,TO,5170752,5170752,Scottsburg (town),83,3,Lynchburg,C1,297,297,297,451,2947815.637,6375.337208
310,2391464,Virgilina,Virgilina town,L,Y,0.82224778,2020/12/23 00:00:00+00,TO,5181312,5181312,Virgilina (town),83,3,Lynchburg,C1,318,318,318,475,2129611.988,6771.784018
311,2390223,Halifax,Halifax town,L,Y,5.98753893,2020/12/23 00:00:00+00,TO,5134064,5134064,Halifax (town),83,3,Lynchburg,C1,230,230,230,379,15507654.63,18457.09448
312,2391421,South Boston,South Boston town,L,Y,20.38250466,2020/12/23 00:00:00+00,TO,5173712,5173712,South Boston (town),83,3,Lynchburg,C1,130,130,130,492,52790444.75,46005.51258
313,2391459,Victoria,Victoria town,L,Y,4.5111016,2020/12/23 00:00:00+00,TO,5181024,5181024,Victoria (town),111,4,Richmond,C1,317,317,317,472,11683699.52,16248.31123
314,2391251,Kenbridge,Kenbridge town,L,Y,3.91780942,2020/12/23 00:00:00+00,TO,5141832,5141832,Kenbridge (town),111,4,Richmond,C1,247,247,247,396,10147079.8,27028.81118
315,2391350,Pamplin City,Pamplin City town,L,Y,0.52124976,2020/12/23 00:00:00+00,TO,5160488,5160488,Pamplin City (town),11,3,Lynchburg,C1,277,277,277,428,1350030.672,5340.947385
316,2390707,Appomattox,Appomattox town,L,Y,3.57755776,2020/12/23 00:00:00+00,TO,5102072,5102072,Appomattox (town),11,3,Lynchburg,C1,165,165,165,306,9265832.078,18909.01465
317,2390178,Farmville,Farmville town,L,Y,12.36229995,2020/12/23 00:00:00+00,TO,5127440,5127440,Farmville (town),147,3,Lynchburg,C1,144,144,144,365,32018209.91,48516.71107
318,2390148,Dillwyn,Dillwyn town,L,Y,1.02093104,2020/12/23 00:00:00+00,TO,5122560,5122560,Dillwyn (town),29,3,Lynchburg,C1,208,208,208,354,2644199.254,6773.764464
319,2390761,Burkeville,Burkeville town,L,Y,1.59082859,2020/12/23 00:00:00+00,TO,5111560,5111560,Burkeville (town),135,4,Richmond,C1,181,181,181,326,4120227.137,8116.25415
320,2390816,Crewe,Crewe town,L,Y,3.18135925,2020/12/23 00:00:00+00,TO,5120160,5120160,Crewe (town),135,4,Richmond,C1,203,203,203,349,8239682.645,17080.47393
321,2390732,Blackstone,Blackstone town,L,Y,7.10391599,2020/12/23 00:00:00+00,TO,5107832,5107832,Blackstone (town),135,4,Richmond,C1,142,142,142,312,18399057.93,26480.33756
322,2390708,Ashland,Ashland town,L,Y,11.55709416,2020/12/23 00:00:00+00,TO,5103368,5103368,Ashland (town),85,4,Richmond,C1,166,166,166,307,29932736.5,30515.2136
323,2391376,Purcellville,Purcellville town,L,Y,5.6866267,2021/02/17 00:00:00+00,TO,5165008,5165008,Purcellville (town),107,9,Northern Virginia,C1,286,286,286,438,14728239.88,29301.84134
324,2391266,Leesburg,Leesburg town,L,Y,21.04156073,2021/02/17 00:00:00+00,TO,5144984,5144984,Leesburg (town),107,9,Northern Virginia,C1,253,253,253,402,54497413.81,47811.49301